"Flight_ID","ID","Clearance_Time","Scheduled_Departure","Actual_Departure","Scheduled_Arrival","Actual_Arrival","Actual_Landing","CancelStatus"
"F9_420",1,-4.0,0.0,0.0,6.0,6.0,6.0,0.0
"DL_1792",2,-4.0,0.0,0.0,8.0,8.0,8.0,0.0
"DL_1100",3,-3.0,1.0,1.0,8.0,8.0,8.0,0.0
"DL_1354",4,-3.0,1.0,1.0,9.0,9.0,9.0,0.0
"AA_1116",5,-4.0,0.0,0.0,9.0,9.0,9.0,0.0
"DL_2625",6,-3.0,1.0,1.0,10.0,10.0,10.0,0.0
"NK_806",7,-2.0,2.0,2.0,10.0,10.0,10.0,0.0
"DL_2324",8,-1.0,3.0,3.0,10.0,10.0,10.0,0.0
"DL_2224",9,-3.0,1.0,1.0,10.0,10.0,10.0,0.0
"DL_2284",10,-3.0,1.0,1.0,10.0,10.0,10.0,0.0
"DL_1593",11,-2.0,2.0,2.0,11.0,11.0,11.0,0.0
"DL_1254",12,-1.0,3.0,3.0,11.0,11.0,11.0,0.0
"DL_955",13,5.0,9.0,9.0,11.0,11.0,11.0,0.0
"DL_836",14,-10.0,-6.0,-6.0,11.0,11.0,11.0,0.0
"EV_4985",15,5.0,9.0,9.0,12.0,12.0,12.0,0.0
"DL_688",16,0.0,4.0,4.0,12.0,12.0,12.0,0.0
"DL_823",17,5.0,9.0,9.0,12.0,12.0,12.0,0.0
"DL_2826",18,6.0,10.0,10.0,12.0,12.0,12.0,0.0
"EV_5229",19,5.0,9.0,9.0,12.0,12.0,12.0,0.0
"DL_1129",20,6.0,10.0,10.0,12.0,12.0,12.0,0.0
"DL_2273",21,5.0,9.0,9.0,12.0,12.0,12.0,0.0
"DL_1456",22,5.0,9.0,9.0,12.0,12.0,12.0,0.0
"DL_2517",23,6.0,10.0,10.0,12.0,12.0,12.0,0.0
"DL_1872",24,5.0,9.0,9.0,12.0,12.0,12.0,0.0
"DL_2077",25,4.0,8.0,8.0,12.0,12.0,12.0,0.0
"DL_1092",26,6.0,10.0,10.0,12.0,12.0,12.0,0.0
"DL_1926",27,6.0,10.0,10.0,12.0,12.0,12.0,0.0
"DL_960",28,5.0,9.0,9.0,12.0,12.0,12.0,0.0
"DL_2640",29,5.0,9.0,9.0,12.0,12.0,12.0,0.0
"EV_5128",30,6.0,10.0,10.0,12.0,12.0,12.0,0.0
"DL_1362",31,5.0,9.0,9.0,12.0,12.0,12.0,0.0
"DL_2197",32,5.0,9.0,9.0,12.0,12.0,12.0,0.0
"DL_2403",33,5.0,9.0,9.0,12.0,12.0,12.0,0.0
"EV_5046",34,7.0,11.0,11.0,13.0,13.0,13.0,0.0
"F9_1456",35,1.0,5.0,5.0,13.0,13.0,13.0,0.0
"DL_2584",36,5.0,9.0,9.0,13.0,13.0,13.0,0.0
"DL_1340",37,7.0,11.0,11.0,13.0,13.0,13.0,0.0
"DL_835",38,5.0,9.0,9.0,13.0,13.0,13.0,0.0
"DL_1520",39,5.0,9.0,9.0,13.0,13.0,13.0,0.0
"DL_920",40,6.0,10.0,10.0,13.0,13.0,13.0,0.0
"DL_2261",41,5.0,9.0,9.0,13.0,13.0,13.0,0.0
"EV_5518",42,6.0,10.0,10.0,13.0,13.0,13.0,0.0
"DL_1518",43,6.0,10.0,10.0,13.0,13.0,13.0,0.0
"EV_5501",44,7.0,11.0,11.0,13.0,13.0,13.0,0.0
"DL_1132",45,7.0,11.0,11.0,13.0,13.0,13.0,0.0
"DL_1234",46,7.0,11.0,11.0,13.0,13.0,13.0,0.0
"DL_793",47,7.0,11.0,11.0,13.0,13.0,13.0,0.0
"DL_1783",48,7.0,11.0,11.0,13.0,13.0,13.0,0.0
"DL_2353",49,5.0,9.0,9.0,13.0,13.0,13.0,0.0
"DL_942",50,5.0,9.0,9.0,13.0,13.0,13.0,0.0
"DL_1091",51,7.0,11.0,11.0,13.0,13.0,13.0,0.0
"EV_5270",52,7.0,11.0,11.0,13.0,13.0,13.0,0.0
"OO_4820",53,5.0,9.0,9.0,13.0,13.0,13.0,0.0
"DL_2200",54,7.0,11.0,11.0,13.0,13.0,13.0,0.0
"DL_1480",55,7.0,11.0,11.0,13.0,13.0,13.0,0.0
"DL_1686",56,7.0,11.0,11.0,14.0,14.0,14.0,0.0
"DL_2019",57,5.0,9.0,9.0,14.0,14.0,14.0,0.0
"DL_1625",58,6.0,10.0,10.0,14.0,14.0,14.0,0.0
"DL_2283",59,5.0,9.0,9.0,14.0,14.0,14.0,0.0
"DL_1931",60,7.0,11.0,11.0,14.0,14.0,14.0,0.0
"DL_2561",61,5.0,9.0,9.0,14.0,14.0,14.0,0.0
"DL_849",62,7.0,11.0,11.0,14.0,14.0,14.0,0.0
"DL_2633",63,7.0,11.0,11.0,14.0,14.0,14.0,0.0
"DL_1323",64,6.0,10.0,10.0,14.0,14.0,14.0,0.0
"DL_1450",65,6.0,10.0,10.0,14.0,14.0,14.0,0.0
"DL_1499",66,7.0,11.0,11.0,14.0,14.0,14.0,0.0
"DL_894",67,5.0,9.0,9.0,14.0,14.0,14.0,0.0
"DL_1914",68,8.0,12.0,12.0,14.0,14.0,14.0,0.0
"EV_5406",69,7.0,11.0,11.0,14.0,14.0,14.0,0.0
"DL_786",70,7.0,11.0,11.0,14.0,14.0,14.0,0.0
"DL_1146",71,7.0,11.0,11.0,14.0,14.0,14.0,0.0
"DL_2848",72,7.0,11.0,11.0,14.0,14.0,14.0,0.0
"DL_891",73,6.0,10.0,10.0,14.0,14.0,14.0,0.0
"DL_2613",74,7.0,11.0,11.0,14.0,14.0,14.0,0.0
"EV_5435",75,7.0,11.0,11.0,14.0,14.0,14.0,0.0
"EV_5491",76,7.0,11.0,11.0,14.0,14.0,14.0,0.0
"OO_4614",77,6.0,10.0,10.0,14.0,14.0,14.0,0.0
"EV_4916",78,5.0,9.0,9.0,14.0,14.0,14.0,0.0
"NK_252",79,7.0,11.0,11.0,14.0,14.0,14.0,0.0
"DL_1179",80,7.0,11.0,11.0,14.0,14.0,14.0,0.0
"DL_2129",81,5.0,9.0,9.0,14.0,14.0,14.0,0.0
"DL_2543",82,5.0,9.0,9.0,14.0,14.0,14.0,0.0
"DL_2014",83,4.0,8.0,8.0,14.0,14.0,14.0,0.0
"DL_1447",84,5.0,9.0,9.0,14.0,14.0,14.0,0.0
"DL_827",85,6.0,10.0,10.0,14.0,14.0,14.0,0.0
"DL_2497",86,7.0,11.0,11.0,14.0,14.0,14.0,0.0
"WN_3039",87,8.0,12.0,12.0,14.0,14.0,14.0,0.0
"DL_1508",88,7.0,11.0,11.0,14.0,14.0,14.0,0.0
"DL_1673",89,6.0,10.0,10.0,14.0,14.0,14.0,0.0
"DL_1998",90,7.0,11.0,11.0,14.0,14.0,14.0,0.0
"DL_575",91,5.0,9.0,9.0,14.0,14.0,14.0,0.0
"EV_5313",92,7.0,11.0,11.0,15.0,15.0,15.0,0.0
"WN_215",93,7.0,11.0,11.0,15.0,15.0,15.0,0.0
"DL_1256",94,8.0,12.0,12.0,15.0,15.0,15.0,0.0
"EV_5047",95,7.0,11.0,11.0,15.0,15.0,15.0,0.0
"DL_2512",96,9.0,13.0,13.0,15.0,15.0,15.0,0.0
"DL_440",97,6.0,10.0,10.0,15.0,15.0,15.0,0.0
"DL_1401",98,7.0,11.0,11.0,15.0,15.0,15.0,0.0
"DL_941",99,7.0,11.0,11.0,15.0,15.0,15.0,0.0
"DL_1065",100,5.0,9.0,9.0,15.0,15.0,15.0,0.0
"DL_2505",101,8.0,12.0,12.0,15.0,15.0,15.0,0.0
"EV_4966",102,6.0,10.0,10.0,15.0,15.0,15.0,0.0
"DL_1591",103,8.0,12.0,12.0,15.0,15.0,15.0,0.0
"DL_1093",104,8.0,12.0,12.0,15.0,15.0,15.0,0.0
"DL_2105",105,8.0,12.0,12.0,15.0,15.0,15.0,0.0
"DL_2430",106,9.0,13.0,13.0,15.0,15.0,15.0,0.0
"DL_792",107,7.0,11.0,11.0,15.0,15.0,15.0,0.0
"EV_5187",108,9.0,13.0,13.0,15.0,15.0,15.0,0.0
"EV_5286",109,8.0,12.0,12.0,15.0,15.0,15.0,0.0
"DL_1481",110,8.0,12.0,12.0,15.0,15.0,15.0,0.0
"DL_1867",111,7.0,11.0,11.0,15.0,15.0,15.0,0.0
"DL_1847",112,7.0,11.0,11.0,15.0,15.0,15.0,0.0
"EV_5129",113,7.0,11.0,11.0,15.0,15.0,15.0,0.0
"DL_1991",114,6.0,10.0,10.0,15.0,15.0,15.0,0.0
"DL_2030",115,7.0,11.0,11.0,15.0,15.0,15.0,0.0
"EV_4911",116,7.0,11.0,11.0,15.0,15.0,15.0,0.0
"DL_2137",117,8.0,12.0,12.0,15.0,15.0,15.0,0.0
"DL_2535",118,7.0,11.0,11.0,15.0,15.0,15.0,0.0
"EV_5594",119,7.0,11.0,11.0,15.0,15.0,15.0,0.0
"OO_4490",120,6.0,10.0,10.0,15.0,15.0,15.0,0.0
"DL_1183",121,7.0,11.0,11.0,15.0,15.0,15.0,0.0
"DL_883",122,5.0,9.0,9.0,15.0,15.0,15.0,0.0
"WN_2590",123,8.0,12.0,12.0,15.0,15.0,15.0,0.0
"DL_774",124,7.0,11.0,11.0,15.0,15.0,15.0,0.0
"DL_1941",125,4.0,8.0,8.0,15.0,15.0,15.0,0.0
"EV_4879",126,7.0,11.0,11.0,15.0,15.0,15.0,0.0
"DL_1482",127,8.0,12.0,12.0,15.0,15.0,15.0,0.0
"DL_1540",128,7.0,11.0,11.0,15.0,15.0,15.0,0.0
"DL_1890",129,7.0,11.0,11.0,15.0,15.0,15.0,0.0
"EV_5275",130,9.0,13.0,13.0,15.0,15.0,15.0,0.0
"DL_1853",131,7.0,11.0,11.0,15.0,15.0,15.0,0.0
"DL_872",132,7.0,11.0,11.0,15.0,15.0,15.0,0.0
"DL_2370",133,7.0,11.0,11.0,15.0,15.0,15.0,0.0
"DL_2458",134,7.0,11.0,11.0,15.0,15.0,15.0,0.0
"EV_5045",135,6.0,10.0,10.0,15.0,15.0,15.0,0.0
"EV_5210",136,8.0,12.0,12.0,15.0,15.0,15.0,0.0
"EV_5315",137,9.0,13.0,13.0,15.0,15.0,15.0,0.0
"DL_1215",138,8.0,12.0,12.0,15.0,15.0,15.0,0.0
"DL_1952",139,7.0,11.0,11.0,15.0,15.0,15.0,0.0
"DL_977",140,7.0,11.0,11.0,15.0,15.0,15.0,0.0
"DL_1069",141,6.0,10.0,10.0,15.0,15.0,15.0,0.0
"DL_2352",142,5.0,9.0,9.0,15.0,15.0,15.0,0.0
"DL_2406",143,7.0,11.0,11.0,15.0,15.0,15.0,0.0
"DL_2507",144,8.0,12.0,12.0,15.0,15.0,15.0,0.0
"DL_1618",145,8.0,12.0,12.0,15.0,15.0,15.0,0.0
"WN_1517",146,7.0,11.0,11.0,15.0,15.0,15.0,0.0
"WN_3184",147,7.0,11.0,11.0,15.0,15.0,15.0,0.0
"DL_1575",148,7.0,11.0,11.0,15.0,15.0,15.0,0.0
"WN_1059",149,9.0,13.0,13.0,16.0,16.0,16.0,0.0
"WN_1596",150,8.0,12.0,12.0,16.0,16.0,16.0,0.0
"WN_1374",151,8.0,12.0,12.0,16.0,16.0,16.0,0.0
"EV_5018",152,8.0,12.0,12.0,16.0,16.0,16.0,0.0
"DL_2076",153,9.0,13.0,13.0,16.0,16.0,16.0,0.0
"NK_565",154,8.0,12.0,12.0,16.0,16.0,16.0,0.0
"WN_844",155,8.0,12.0,12.0,16.0,16.0,16.0,0.0
"WN_2676",156,8.0,12.0,12.0,16.0,16.0,16.0,0.0
"EV_5472",157,9.0,13.0,13.0,16.0,16.0,16.0,0.0
"NK_1012",158,9.0,13.0,13.0,16.0,16.0,16.0,0.0
"WN_1583",159,8.0,12.0,12.0,16.0,16.0,16.0,0.0
"EV_5166",160,8.0,12.0,12.0,16.0,16.0,16.0,0.0
"EV_5555",161,10.0,14.0,14.0,16.0,16.0,16.0,0.0
"DL_1925",162,10.0,14.0,14.0,16.0,16.0,16.0,0.0
"DL_1080",163,9.0,13.0,13.0,16.0,16.0,16.0,0.0
"DL_2520",164,7.0,11.0,11.0,16.0,16.0,16.0,0.0
"DL_1078",165,10.0,14.0,14.0,16.0,16.0,16.0,0.0
"DL_2124",166,9.0,13.0,13.0,16.0,16.0,16.0,0.0
"DL_1927",167,8.0,12.0,12.0,16.0,16.0,16.0,0.0
"WN_1327",168,9.0,13.0,13.0,16.0,16.0,16.0,0.0
"DL_2519",169,10.0,14.0,14.0,16.0,16.0,16.0,0.0
"DL_2365",170,9.0,13.0,13.0,16.0,16.0,16.0,0.0
"DL_1460",171,8.0,12.0,12.0,16.0,16.0,16.0,0.0
"DL_1193",172,10.0,14.0,14.0,17.0,17.0,17.0,0.0
"DL_783",173,8.0,12.0,12.0,17.0,17.0,17.0,0.0
"DL_1167",174,8.0,12.0,12.0,17.0,17.0,17.0,0.0
"DL_1577",175,10.0,14.0,14.0,17.0,17.0,17.0,0.0
"NK_473",176,9.0,13.0,13.0,17.0,17.0,17.0,0.0
"DL_2270",177,9.0,13.0,13.0,17.0,17.0,17.0,0.0
"DL_2419",178,9.0,13.0,13.0,17.0,17.0,17.0,0.0
"DL_2839",179,9.0,13.0,13.0,17.0,17.0,17.0,0.0
"WN_261",180,10.0,14.0,14.0,17.0,17.0,17.0,0.0
"DL_1137",181,10.0,14.0,14.0,17.0,17.0,17.0,0.0
"DL_2031",182,9.0,13.0,13.0,17.0,17.0,17.0,0.0
"DL_2636",183,9.0,13.0,13.0,17.0,17.0,17.0,0.0
"EV_5534",184,10.0,14.0,14.0,17.0,17.0,17.0,0.0
"DL_1358",185,11.0,15.0,15.0,17.0,17.0,17.0,0.0
"DL_2410",186,9.0,13.0,13.0,17.0,17.0,17.0,0.0
"OO_4454",187,9.0,13.0,13.0,17.0,17.0,17.0,0.0
"DL_1139",188,9.0,13.0,13.0,17.0,17.0,17.0,0.0
"DL_1488",189,9.0,13.0,13.0,17.0,17.0,17.0,0.0
"DL_2252",190,10.0,14.0,14.0,17.0,17.0,17.0,0.0
"OO_4482",191,9.0,13.0,13.0,17.0,17.0,17.0,0.0
"WN_2580",192,9.0,13.0,13.0,17.0,17.0,17.0,0.0
"DL_810",193,9.0,13.0,13.0,17.0,17.0,17.0,0.0
"DL_2126",194,9.0,13.0,13.0,17.0,17.0,17.0,0.0
"DL_1184",195,9.0,13.0,13.0,17.0,17.0,17.0,0.0
"DL_1718",196,10.0,14.0,14.0,17.0,17.0,17.0,0.0
"DL_1379",197,11.0,15.0,15.0,17.0,17.0,17.0,0.0
"DL_1759",198,9.0,13.0,13.0,17.0,17.0,17.0,0.0
"DL_2539",199,9.0,13.0,13.0,17.0,17.0,17.0,0.0
"AA_1727",200,8.0,12.0,12.0,17.0,17.0,17.0,0.0
"DL_2841",201,11.0,15.0,15.0,17.0,17.0,17.0,0.0
"DL_1563",202,10.0,14.0,14.0,17.0,17.0,17.0,0.0
"DL_969",203,10.0,14.0,14.0,17.0,17.0,17.0,0.0
"DL_1324",204,11.0,15.0,15.0,17.0,17.0,17.0,0.0
"DL_1349",205,11.0,15.0,15.0,17.0,17.0,17.0,0.0
"DL_1326",206,9.0,13.0,13.0,18.0,18.0,18.0,0.0
"EV_5183",207,12.0,16.0,16.0,18.0,18.0,18.0,0.0
"DL_1501",208,8.0,12.0,12.0,18.0,18.0,18.0,0.0
"NK_163",209,10.0,14.0,14.0,18.0,18.0,18.0,0.0
"DL_807",210,9.0,13.0,13.0,18.0,18.0,18.0,0.0
"DL_775",211,11.0,15.0,15.0,18.0,18.0,18.0,0.0
"DL_2420",212,12.0,16.0,16.0,18.0,18.0,18.0,0.0
"EV_4975",213,11.0,15.0,15.0,18.0,18.0,18.0,0.0
"DL_2326",214,10.0,14.0,14.0,18.0,18.0,18.0,0.0
"DL_438",215,10.0,14.0,14.0,19.0,19.0,19.0,0.0
"DL_1647",216,9.0,13.0,13.0,19.0,19.0,19.0,0.0
"AA_1826",217,12.0,16.0,16.0,19.0,19.0,19.0,0.0
"DL_1893",218,11.0,15.0,15.0,19.0,19.0,19.0,0.0
"DL_2544",219,11.0,15.0,15.0,19.0,19.0,19.0,0.0
"NK_404",220,11.0,15.0,15.0,19.0,19.0,19.0,0.0
"DL_1308",221,11.0,15.0,15.0,19.0,19.0,19.0,0.0
"DL_1498",222,11.0,15.0,15.0,19.0,19.0,19.0,0.0
"DL_1266",223,13.0,17.0,17.0,19.0,19.0,19.0,0.0
"DL_1702",224,13.0,17.0,17.0,19.0,19.0,19.0,0.0
"DL_2177",225,11.0,15.0,15.0,19.0,19.0,19.0,0.0
"EV_5325",226,12.0,16.0,16.0,19.0,19.0,19.0,0.0
"DL_1818",227,12.0,16.0,16.0,19.0,19.0,19.0,0.0
"DL_1825",228,11.0,15.0,15.0,19.0,19.0,19.0,0.0
"DL_1122",229,10.0,14.0,14.0,19.0,19.0,19.0,0.0
"WN_1645",230,12.0,16.0,16.0,19.0,19.0,19.0,0.0
"DL_2114",231,9.0,13.0,13.0,19.0,19.0,19.0,0.0
"EV_4120",232,11.0,15.0,15.0,19.0,19.0,19.0,0.0
"DL_926",233,7.0,11.0,11.0,19.0,19.0,19.0,0.0
"DL_2412",234,11.0,15.0,15.0,19.0,19.0,19.0,0.0
"DL_1239",235,11.0,15.0,15.0,19.0,19.0,19.0,0.0
"EV_4921",236,13.0,17.0,17.0,19.0,19.0,19.0,0.0
"EV_5206",237,13.0,17.0,17.0,19.0,19.0,19.0,0.0
"NK_766",238,12.0,16.0,16.0,19.0,19.0,19.0,0.0
"DL_922",239,7.0,11.0,11.0,19.0,19.0,19.0,0.0
"DL_2423",240,11.0,15.0,15.0,19.0,19.0,19.0,0.0
"WN_2791",241,11.0,15.0,15.0,19.0,19.0,19.0,0.0
"DL_796",242,12.0,16.0,16.0,19.0,19.0,19.0,0.0
"DL_2378",243,12.0,16.0,16.0,20.0,20.0,20.0,0.0
"DL_2800",244,14.0,18.0,18.0,20.0,20.0,20.0,0.0
"DL_1572",245,13.0,17.0,17.0,20.0,20.0,20.0,0.0
"DL_2233",246,12.0,16.0,16.0,20.0,20.0,20.0,0.0
"DL_2366",247,13.0,17.0,17.0,20.0,20.0,20.0,0.0
"EV_4957",248,14.0,18.0,18.0,20.0,20.0,20.0,0.0
"DL_2271",249,12.0,16.0,16.0,20.0,20.0,20.0,0.0
"WN_398",250,12.0,16.0,16.0,20.0,20.0,20.0,0.0
"DL_1670",251,14.0,18.0,18.0,20.0,20.0,20.0,0.0
"DL_851",252,10.0,14.0,14.0,20.0,20.0,20.0,0.0
"DL_1334",253,12.0,16.0,16.0,20.0,20.0,20.0,0.0
"DL_1705",254,13.0,17.0,17.0,20.0,20.0,20.0,0.0
"EV_5077",255,13.0,17.0,17.0,20.0,20.0,20.0,0.0
"DL_805",256,11.0,15.0,15.0,20.0,20.0,20.0,0.0
"DL_1681",257,12.0,16.0,16.0,20.0,20.0,20.0,0.0
"DL_2380",258,14.0,18.0,18.0,20.0,20.0,20.0,0.0
"DL_1318",259,13.0,17.0,17.0,20.0,20.0,20.0,0.0
"DL_2212",260,14.0,18.0,18.0,20.0,20.0,20.0,0.0
"DL_1517",261,10.0,14.0,14.0,20.0,20.0,20.0,0.0
"DL_1522",262,13.0,17.0,17.0,20.0,20.0,20.0,0.0
"DL_1954",263,12.0,16.0,16.0,20.0,20.0,20.0,0.0
"DL_2441",264,14.0,18.0,18.0,20.0,20.0,20.0,0.0
"WN_682",265,12.0,16.0,16.0,20.0,20.0,20.0,0.0
"DL_1601",266,10.0,14.0,14.0,20.0,20.0,20.0,0.0
"DL_2227",267,12.0,16.0,16.0,20.0,20.0,20.0,0.0
"DL_1988",268,14.0,18.0,18.0,20.0,20.0,20.0,0.0
"DL_2558",269,11.0,15.0,15.0,21.0,21.0,21.0,0.0
"EV_5111",270,15.0,19.0,19.0,21.0,21.0,21.0,0.0
"DL_1662",271,15.0,19.0,19.0,21.0,21.0,21.0,0.0
"EV_4915",272,15.0,19.0,19.0,21.0,21.0,21.0,0.0
"DL_2433",273,14.0,18.0,18.0,21.0,21.0,21.0,0.0
"DL_2609",274,15.0,19.0,19.0,21.0,21.0,21.0,0.0
"AA_2016",275,12.0,16.0,16.0,21.0,21.0,21.0,0.0
"EV_5413",276,15.0,19.0,19.0,21.0,21.0,21.0,0.0
"WN_1558",277,14.0,18.0,18.0,21.0,21.0,21.0,0.0
"DL_1942",278,13.0,17.0,17.0,21.0,21.0,21.0,0.0
"DL_901",279,14.0,18.0,18.0,21.0,21.0,21.0,0.0
"EV_4886",280,14.0,18.0,18.0,21.0,21.0,21.0,0.0
"DL_2118",281,14.0,18.0,18.0,21.0,21.0,21.0,0.0
"DL_1715",282,13.0,17.0,17.0,21.0,21.0,21.0,0.0
"DL_801",283,13.0,17.0,17.0,21.0,21.0,21.0,0.0
"DL_1746",284,13.0,17.0,17.0,21.0,21.0,21.0,0.0
"DL_1452",285,11.0,15.0,15.0,21.0,21.0,21.0,0.0
"DL_1472",286,15.0,19.0,19.0,22.0,22.0,22.0,0.0
"EV_5208",287,15.0,19.0,19.0,22.0,22.0,22.0,0.0
"WN_389",288,14.0,18.0,18.0,22.0,22.0,22.0,0.0
"DL_1303",289,16.0,20.0,20.0,22.0,22.0,22.0,0.0
"DL_1294",290,15.0,19.0,19.0,22.0,22.0,22.0,0.0
"DL_1815",291,13.0,17.0,17.0,22.0,22.0,22.0,0.0
"DL_2113",292,16.0,20.0,20.0,22.0,22.0,22.0,0.0
"DL_1345",293,11.0,15.0,15.0,22.0,22.0,22.0,0.0
"DL_590",294,10.0,14.0,14.0,22.0,22.0,22.0,0.0
"EV_4897",295,16.0,20.0,20.0,22.0,22.0,22.0,0.0
"F9_1463",296,12.0,16.0,16.0,22.0,22.0,22.0,0.0
"WN_1505",297,14.0,18.0,18.0,22.0,22.0,22.0,0.0
"DL_2254",298,10.0,14.0,14.0,22.0,22.0,22.0,0.0
"DL_1478",299,13.0,17.0,17.0,22.0,22.0,22.0,0.0
"WN_2286",300,16.0,20.0,20.0,23.0,23.0,23.0,0.0
"DL_1602",301,11.0,15.0,15.0,23.0,23.0,23.0,0.0
"DL_1113",302,15.0,19.0,19.0,23.0,23.0,23.0,0.0
"DL_2226",303,15.0,19.0,19.0,23.0,23.0,23.0,0.0
"DL_1128",304,12.0,16.0,16.0,23.0,23.0,23.0,0.0
"DL_1123",305,12.0,16.0,16.0,23.0,23.0,23.0,0.0
"DL_1730",306,16.0,20.0,20.0,23.0,23.0,23.0,0.0
"DL_1771",307,16.0,20.0,20.0,23.0,23.0,23.0,0.0
"WN_2454",308,14.0,18.0,18.0,23.0,23.0,23.0,0.0
"WN_3135",309,15.0,19.0,19.0,23.0,23.0,23.0,0.0
"DL_1258",310,16.0,20.0,20.0,23.0,23.0,23.0,0.0
"EV_5113",311,17.0,21.0,21.0,23.0,23.0,23.0,0.0
"DL_1252",312,15.0,19.0,19.0,23.0,23.0,23.0,0.0
"DL_1470",313,15.0,19.0,19.0,23.0,23.0,23.0,0.0
"WN_2079",314,16.0,20.0,20.0,23.0,23.0,23.0,0.0
"DL_1844",315,16.0,20.0,20.0,23.0,23.0,23.0,0.0
"DL_1855",316,13.0,17.0,17.0,23.0,23.0,23.0,0.0
"DL_1066",317,17.0,21.0,21.0,23.0,23.0,23.0,0.0
"DL_1856",318,16.0,20.0,20.0,23.0,23.0,23.0,0.0
"DL_2385",319,15.0,19.0,19.0,23.0,23.0,23.0,0.0
"DL_1701",320,13.0,17.0,17.0,23.0,23.0,23.0,0.0
"WN_1240",321,16.0,20.0,20.0,23.0,23.0,23.0,0.0
"DL_1913",322,16.0,20.0,20.0,23.0,23.0,23.0,0.0
"DL_2387",323,16.0,20.0,20.0,23.0,23.0,23.0,0.0
"EV_5334",324,17.0,21.0,21.0,23.0,23.0,23.0,0.0
"DL_719",325,16.0,20.0,20.0,23.0,23.0,23.0,0.0
"EV_4951",326,17.0,21.0,21.0,23.0,23.0,23.0,0.0
"EV_5034",327,17.0,21.0,21.0,23.0,23.0,23.0,0.0
"AA_1814",328,16.0,20.0,20.0,23.0,23.0,23.0,0.0
"DL_764",329,15.0,19.0,19.0,23.0,23.0,23.0,0.0
"DL_1134",330,15.0,19.0,19.0,23.0,23.0,23.0,0.0
"DL_1380",331,17.0,21.0,21.0,23.0,23.0,23.0,0.0
"DL_1616",332,13.0,17.0,17.0,23.0,23.0,23.0,0.0
"DL_1633",333,15.0,19.0,19.0,23.0,23.0,23.0,0.0
"DL_2018",334,16.0,20.0,20.0,23.0,23.0,23.0,0.0
"EV_4925",335,15.0,19.0,19.0,23.0,23.0,23.0,0.0
"EV_5245",336,16.0,20.0,20.0,23.0,23.0,23.0,0.0
"EV_5372",337,17.0,21.0,21.0,23.0,23.0,23.0,0.0
"DL_1279",338,15.0,19.0,19.0,23.0,23.0,23.0,0.0
"DL_1367",339,15.0,19.0,19.0,23.0,23.0,23.0,0.0
"DL_1384",340,15.0,19.0,19.0,23.0,23.0,23.0,0.0
"DL_2056",341,16.0,20.0,20.0,23.0,23.0,23.0,0.0
"DL_2120",342,15.0,19.0,19.0,23.0,23.0,23.0,0.0
"DL_2183",343,15.0,19.0,19.0,23.0,23.0,23.0,0.0
"DL_2298",344,16.0,20.0,20.0,23.0,23.0,23.0,0.0
"DL_2340",345,17.0,21.0,21.0,23.0,23.0,23.0,0.0
"OO_4683",346,15.0,19.0,19.0,23.0,23.0,23.0,0.0
"WN_1316",347,15.0,19.0,19.0,23.0,23.0,23.0,0.0
"DL_2457",348,13.0,17.0,17.0,23.0,23.0,23.0,0.0
"WN_2742",349,15.0,19.0,19.0,23.0,23.0,23.0,0.0
"WN_2019",350,15.0,19.0,19.0,23.0,23.0,23.0,0.0
"WN_168",351,15.0,19.0,19.0,23.0,23.0,23.0,0.0
"DL_1295",352,16.0,20.0,20.0,24.0,24.0,24.0,0.0
"WN_545",353,16.0,20.0,20.0,24.0,24.0,24.0,0.0
"DL_1672",354,15.0,19.0,19.0,24.0,24.0,24.0,0.0
"EV_5076",355,17.0,21.0,21.0,24.0,24.0,24.0,0.0
"WN_5655",356,17.0,21.0,21.0,24.0,24.0,24.0,0.0
"WN_978",357,16.0,20.0,20.0,24.0,24.0,24.0,0.0
"WN_2541",358,16.0,20.0,20.0,24.0,24.0,24.0,0.0
"DL_1190",359,16.0,20.0,20.0,24.0,24.0,24.0,0.0
"DL_1592",360,12.0,16.0,16.0,24.0,24.0,24.0,0.0
"DL_1891",361,17.0,21.0,21.0,24.0,24.0,24.0,0.0
"DL_2251",362,17.0,21.0,21.0,24.0,24.0,24.0,0.0
"DL_741",363,16.0,20.0,20.0,24.0,24.0,24.0,0.0
"EV_4992",364,18.0,22.0,22.0,24.0,24.0,24.0,0.0
"EV_5485",365,17.0,21.0,21.0,24.0,24.0,24.0,0.0
"DL_1981",366,16.0,20.0,20.0,24.0,24.0,24.0,0.0
"DL_744",367,15.0,19.0,19.0,24.0,24.0,24.0,0.0
"EV_5322",368,18.0,22.0,22.0,24.0,24.0,24.0,0.0
"WN_2720",369,16.0,20.0,20.0,24.0,24.0,24.0,0.0
"DL_669",370,11.0,15.0,15.0,24.0,24.0,24.0,0.0
"DL_1127",371,17.0,21.0,21.0,24.0,24.0,24.0,0.0
"DL_436",372,15.0,19.0,19.0,24.0,24.0,24.0,0.0
"EV_4874",373,17.0,21.0,21.0,24.0,24.0,24.0,0.0
"F9_427",374,16.0,20.0,20.0,24.0,24.0,24.0,0.0
"DL_2646",375,17.0,21.0,21.0,24.0,24.0,24.0,0.0
"WN_886",376,18.0,22.0,22.0,25.0,25.0,25.0,0.0
"DL_1182",377,19.0,23.0,23.0,25.0,25.0,25.0,0.0
"DL_1177",378,18.0,22.0,22.0,25.0,25.0,25.0,0.0
"EV_5597",379,18.0,22.0,22.0,25.0,25.0,25.0,0.0
"DL_1255",380,17.0,21.0,21.0,25.0,25.0,25.0,0.0
"DL_1632",381,13.0,17.0,17.0,25.0,25.0,25.0,0.0
"DL_1494",382,16.0,20.0,20.0,25.0,25.0,25.0,0.0
"EV_5090",383,17.0,21.0,21.0,25.0,25.0,25.0,0.0
"DL_1700",384,13.0,17.0,17.0,25.0,25.0,25.0,0.0
"DL_2492",385,15.0,19.0,19.0,25.0,25.0,25.0,0.0
"DL_1317",386,18.0,22.0,22.0,25.0,25.0,25.0,0.0
"DL_2310",387,17.0,21.0,21.0,25.0,25.0,25.0,0.0
"AA_1473",388,17.0,21.0,21.0,25.0,25.0,25.0,0.0
"DL_1276",389,18.0,22.0,22.0,25.0,25.0,25.0,0.0
"DL_1570",390,18.0,22.0,22.0,25.0,25.0,25.0,0.0
"EV_5356",391,17.0,21.0,21.0,25.0,25.0,25.0,0.0
"OO_4558",392,17.0,21.0,21.0,25.0,25.0,25.0,0.0
"DL_1446",393,14.0,18.0,18.0,25.0,25.0,25.0,0.0
"DL_1598",394,12.0,16.0,16.0,25.0,25.0,25.0,0.0
"DL_2452",395,17.0,21.0,21.0,25.0,25.0,25.0,0.0
"WN_2221",396,17.0,21.0,21.0,25.0,25.0,25.0,0.0
"DL_1467",397,17.0,21.0,21.0,25.0,25.0,25.0,0.0
"DL_1727",398,12.0,16.0,16.0,25.0,25.0,25.0,0.0
"DL_1302",399,18.0,22.0,22.0,25.0,25.0,25.0,0.0
"EV_5541",400,19.0,23.0,23.0,25.0,25.0,25.0,0.0
"DL_1463",401,18.0,22.0,22.0,25.0,25.0,25.0,0.0
"DL_2069",402,18.0,22.0,22.0,25.0,25.0,25.0,0.0
"EV_4876",403,18.0,22.0,22.0,25.0,25.0,25.0,0.0
"DL_1235",404,17.0,21.0,21.0,25.0,25.0,25.0,0.0
"DL_1524",405,14.0,18.0,18.0,25.0,25.0,25.0,0.0
"DL_1353",406,18.0,22.0,22.0,25.0,25.0,25.0,0.0
"DL_1658",407,18.0,22.0,22.0,25.0,25.0,25.0,0.0
"EV_5175",408,19.0,23.0,23.0,25.0,25.0,25.0,0.0
"DL_1549",409,18.0,22.0,22.0,25.0,25.0,25.0,0.0
"DL_1641",410,17.0,21.0,21.0,26.0,26.0,26.0,0.0
"DL_2463",411,18.0,22.0,22.0,26.0,26.0,26.0,0.0
"DL_1443",412,18.0,22.0,22.0,26.0,26.0,26.0,0.0
"DL_2448",413,18.0,22.0,22.0,26.0,26.0,26.0,0.0
"UA_634",414,16.0,20.0,20.0,26.0,26.0,26.0,0.0
"DL_1767",415,17.0,21.0,21.0,26.0,26.0,26.0,0.0
"EV_5086",416,18.0,22.0,22.0,26.0,26.0,26.0,0.0
"EV_5238",417,20.0,24.0,24.0,26.0,26.0,26.0,0.0
"DL_1355",418,18.0,22.0,22.0,26.0,26.0,26.0,0.0
"DL_954",419,17.0,21.0,21.0,26.0,26.0,26.0,0.0
"EV_5056",420,20.0,24.0,24.0,26.0,26.0,26.0,0.0
"EV_5352",421,20.0,24.0,24.0,26.0,26.0,26.0,0.0
"OO_4570",422,19.0,23.0,23.0,26.0,26.0,26.0,0.0
"DL_1671",423,18.0,22.0,22.0,26.0,26.0,26.0,0.0
"DL_845",424,18.0,22.0,22.0,26.0,26.0,26.0,0.0
"DL_918",425,14.0,18.0,18.0,26.0,26.0,26.0,0.0
"DL_1863",426,19.0,23.0,23.0,26.0,26.0,26.0,0.0
"EV_4961",427,19.0,23.0,23.0,26.0,26.0,26.0,0.0
"DL_1097",428,18.0,22.0,22.0,26.0,26.0,26.0,0.0
"DL_2091",429,19.0,23.0,23.0,26.0,26.0,26.0,0.0
"EV_4968",430,20.0,24.0,24.0,26.0,26.0,26.0,0.0
"EV_4922",431,19.0,23.0,23.0,26.0,26.0,26.0,0.0
"DL_745",432,19.0,23.0,23.0,26.0,26.0,26.0,0.0
"DL_1370",433,17.0,21.0,21.0,26.0,26.0,26.0,0.0
"DL_2147",434,18.0,22.0,22.0,26.0,26.0,26.0,0.0
"DL_1233",435,18.0,22.0,22.0,26.0,26.0,26.0,0.0
"DL_82",436,19.0,23.0,23.0,26.0,26.0,26.0,0.0
"EV_4918",437,19.0,23.0,23.0,26.0,26.0,26.0,0.0
"OO_5250",438,16.0,20.0,20.0,26.0,26.0,26.0,0.0
"AA_873",439,19.0,23.0,23.0,26.0,26.0,26.0,0.0
"WN_2760",440,19.0,23.0,23.0,26.0,26.0,26.0,0.0
"DL_1245",441,13.0,17.0,17.0,26.0,26.0,26.0,0.0
"DL_1829",442,18.0,22.0,22.0,26.0,26.0,26.0,0.0
"DL_1095",443,19.0,23.0,23.0,26.0,26.0,26.0,0.0
"WN_404",444,20.0,24.0,24.0,27.0,27.0,27.0,0.0
"WN_251",445,19.0,23.0,23.0,27.0,27.0,27.0,0.0
"WN_1467",446,20.0,24.0,24.0,27.0,27.0,27.0,0.0
"WN_3279",447,15.0,19.0,19.0,27.0,27.0,27.0,0.0
"DL_2003",448,18.0,22.0,22.0,27.0,27.0,27.0,0.0
"DL_2574",449,19.0,23.0,23.0,27.0,27.0,27.0,0.0
"EV_4917",450,21.0,25.0,25.0,27.0,27.0,27.0,0.0
"WN_1730",451,19.0,23.0,23.0,27.0,27.0,27.0,0.0
"DL_2125",452,19.0,23.0,23.0,27.0,27.0,27.0,0.0
"DL_2304",453,15.0,19.0,19.0,27.0,27.0,27.0,0.0
"DL_1897",454,17.0,21.0,21.0,27.0,27.0,27.0,0.0
"DL_1898",455,20.0,24.0,24.0,27.0,27.0,27.0,0.0
"WN_690",456,20.0,24.0,24.0,27.0,27.0,27.0,0.0
"DL_2541",457,19.0,23.0,23.0,27.0,27.0,27.0,0.0
"DL_1975",458,18.0,22.0,22.0,27.0,27.0,27.0,0.0
"EV_4884",459,20.0,24.0,24.0,27.0,27.0,27.0,0.0
"DL_2511",460,21.0,25.0,25.0,27.0,27.0,27.0,0.0
"EV_4965",461,18.0,22.0,22.0,27.0,27.0,27.0,0.0
"NK_542",462,20.0,24.0,24.0,27.0,27.0,27.0,0.0
"DL_1803",463,20.0,24.0,24.0,27.0,27.0,27.0,0.0
"DL_240",464,14.0,18.0,18.0,27.0,27.0,27.0,0.0
"DL_1710",465,19.0,23.0,23.0,27.0,27.0,27.0,0.0
"DL_1895",466,18.0,22.0,22.0,27.0,27.0,27.0,0.0
"DL_2169",467,20.0,24.0,24.0,27.0,27.0,27.0,0.0
"DL_2591",468,21.0,25.0,25.0,27.0,27.0,27.0,0.0
"EV_4942",469,19.0,23.0,23.0,27.0,27.0,27.0,0.0
"NK_219",470,19.0,23.0,23.0,27.0,27.0,27.0,0.0
"DL_1599",471,19.0,23.0,23.0,27.0,27.0,27.0,0.0
"DL_2075",472,19.0,23.0,23.0,27.0,27.0,27.0,0.0
"EV_4964",473,21.0,25.0,25.0,28.0,28.0,28.0,0.0
"DL_1165",474,20.0,24.0,24.0,28.0,28.0,28.0,0.0
"WN_1603",475,21.0,25.0,25.0,28.0,28.0,28.0,0.0
"DL_2154",476,19.0,23.0,23.0,28.0,28.0,28.0,0.0
"DL_1166",477,17.0,21.0,21.0,28.0,28.0,28.0,0.0
"DL_2301",478,18.0,22.0,22.0,28.0,28.0,28.0,0.0
"EV_5246",479,20.0,24.0,24.0,28.0,28.0,28.0,0.0
"DL_1391",480,20.0,24.0,24.0,28.0,28.0,28.0,0.0
"DL_2132",481,19.0,23.0,23.0,28.0,28.0,28.0,0.0
"DL_1125",482,20.0,24.0,24.0,28.0,28.0,28.0,0.0
"DL_1371",483,21.0,25.0,25.0,28.0,28.0,28.0,0.0
"DL_1858",484,20.0,24.0,24.0,28.0,28.0,28.0,0.0
"DL_1543",485,18.0,22.0,22.0,28.0,28.0,28.0,0.0
"DL_1696",486,18.0,22.0,22.0,28.0,28.0,28.0,0.0
"EV_5486",487,22.0,26.0,26.0,28.0,28.0,28.0,0.0
"DL_2481",488,20.0,24.0,24.0,28.0,28.0,28.0,0.0
"WN_124",489,20.0,24.0,24.0,28.0,28.0,28.0,0.0
"DL_1648",490,20.0,24.0,24.0,28.0,28.0,28.0,0.0
"DL_1816",491,18.0,22.0,22.0,28.0,28.0,28.0,0.0
"DL_14",492,20.0,24.0,24.0,28.0,28.0,28.0,0.0
"DL_751",493,20.0,24.0,24.0,28.0,28.0,28.0,0.0
"EV_4930",494,21.0,25.0,25.0,28.0,28.0,28.0,0.0
"DL_1487",495,21.0,25.0,25.0,28.0,28.0,28.0,0.0
"DL_913",496,21.0,25.0,25.0,28.0,28.0,28.0,0.0
"DL_956",497,21.0,25.0,25.0,28.0,28.0,28.0,0.0
"DL_2225",498,18.0,22.0,22.0,28.0,28.0,28.0,0.0
"EV_5096",499,22.0,26.0,26.0,28.0,28.0,28.0,0.0
"EV_5063",500,21.0,25.0,25.0,28.0,28.0,28.0,0.0
"AA_610",501,17.0,21.0,21.0,28.0,28.0,28.0,0.0
"DL_1260",502,20.0,24.0,24.0,28.0,28.0,28.0,0.0
"DL_1656",503,20.0,24.0,24.0,28.0,28.0,28.0,0.0
"DL_2496",504,21.0,25.0,25.0,28.0,28.0,28.0,0.0
"DL_1209",505,22.0,26.0,26.0,28.0,28.0,28.0,0.0
"DL_1423",506,21.0,25.0,25.0,28.0,28.0,28.0,0.0
"EV_5165",507,20.0,24.0,24.0,28.0,28.0,28.0,0.0
"DL_1725",508,21.0,25.0,25.0,28.0,28.0,28.0,0.0
"DL_1918",509,16.0,20.0,20.0,28.0,28.0,28.0,0.0
"DL_1228",510,21.0,25.0,25.0,28.0,28.0,28.0,0.0
"DL_1119",511,21.0,25.0,25.0,28.0,28.0,28.0,0.0
"EV_5161",512,20.0,24.0,24.0,28.0,28.0,28.0,0.0
"DL_1087",513,21.0,25.0,25.0,28.0,28.0,28.0,0.0
"EV_5425",514,22.0,26.0,26.0,29.0,29.0,29.0,0.0
"DL_393",515,21.0,25.0,25.0,29.0,29.0,29.0,0.0
"DL_1827",516,21.0,25.0,25.0,29.0,29.0,29.0,0.0
"DL_2342",517,22.0,26.0,26.0,29.0,29.0,29.0,0.0
"NK_362",518,21.0,25.0,25.0,29.0,29.0,29.0,0.0
"DL_1750",519,19.0,23.0,23.0,29.0,29.0,29.0,0.0
"DL_1513",520,21.0,25.0,25.0,29.0,29.0,29.0,0.0
"DL_72",521,21.0,25.0,25.0,29.0,29.0,29.0,0.0
"DL_945",522,21.0,25.0,25.0,29.0,29.0,29.0,0.0
"DL_1161",523,22.0,26.0,26.0,29.0,29.0,29.0,0.0
"WN_1188",524,19.0,23.0,23.0,29.0,29.0,29.0,0.0
"DL_423",525,20.0,24.0,24.0,29.0,29.0,29.0,0.0
"DL_2597",526,22.0,26.0,26.0,29.0,29.0,29.0,0.0
"DL_1265",527,22.0,26.0,26.0,29.0,29.0,29.0,0.0
"DL_1417",528,22.0,26.0,26.0,29.0,29.0,29.0,0.0
"WN_2851",529,21.0,25.0,25.0,29.0,29.0,29.0,0.0
"EV_5006",530,23.0,27.0,27.0,29.0,29.0,29.0,0.0
"DL_1839",531,21.0,25.0,25.0,29.0,29.0,29.0,0.0
"DL_2213",532,22.0,26.0,26.0,29.0,29.0,29.0,0.0
"EV_5024",533,23.0,27.0,27.0,29.0,29.0,29.0,0.0
"WN_2979",534,21.0,25.0,25.0,29.0,29.0,29.0,0.0
"DL_1613",535,22.0,26.0,26.0,29.0,29.0,29.0,0.0
"DL_846",536,21.0,25.0,25.0,29.0,29.0,29.0,0.0
"DL_1291",537,16.0,20.0,20.0,29.0,29.0,29.0,0.0
"DL_2269",538,22.0,26.0,26.0,29.0,29.0,29.0,0.0
"DL_1150",539,22.0,26.0,26.0,29.0,29.0,29.0,0.0
"EV_4887",540,24.0,28.0,28.0,30.0,30.0,30.0,0.0
"DL_1833",541,24.0,28.0,28.0,30.0,30.0,30.0,0.0
"EV_5091",542,23.0,27.0,27.0,30.0,30.0,30.0,0.0
"DL_375",543,21.0,25.0,25.0,30.0,30.0,30.0,0.0
"DL_811",544,23.0,27.0,27.0,30.0,30.0,30.0,0.0
"WN_1674",545,22.0,26.0,26.0,30.0,30.0,30.0,0.0
"EV_5119",546,23.0,27.0,27.0,30.0,30.0,30.0,0.0
"DL_2110",547,22.0,26.0,26.0,30.0,30.0,30.0,0.0
"DL_2399",548,22.0,26.0,26.0,30.0,30.0,30.0,0.0
"WN_455",549,18.0,22.0,22.0,30.0,30.0,30.0,0.0
"WN_1321",550,17.0,21.0,21.0,30.0,30.0,30.0,0.0
"DL_1564",551,23.0,27.0,27.0,30.0,30.0,30.0,0.0
"EV_5226",552,24.0,28.0,28.0,30.0,30.0,30.0,0.0
"EV_4967",553,24.0,28.0,28.0,30.0,30.0,30.0,0.0
"EV_5059",554,23.0,27.0,27.0,30.0,30.0,30.0,0.0
"EV_5398",555,23.0,27.0,27.0,30.0,30.0,30.0,0.0
"WN_2599",556,22.0,26.0,26.0,30.0,30.0,30.0,0.0
"DL_1790",557,21.0,25.0,25.0,30.0,30.0,30.0,0.0
"OO_4640",558,24.0,28.0,28.0,30.0,30.0,30.0,0.0
"NK_569",559,22.0,26.0,26.0,30.0,30.0,30.0,0.0
"DL_322",560,18.0,22.0,22.0,30.0,30.0,30.0,0.0
"DL_673",561,21.0,25.0,25.0,30.0,30.0,30.0,0.0
"DL_2026",562,23.0,27.0,27.0,30.0,30.0,30.0,0.0
"AA_1087",563,22.0,26.0,26.0,30.0,30.0,30.0,0.0
"DL_1676",564,24.0,28.0,28.0,30.0,30.0,30.0,0.0
"DL_1333",565,20.0,24.0,24.0,31.0,31.0,31.0,0.0
"DL_981",566,21.0,25.0,25.0,31.0,31.0,31.0,0.0
"DL_2297",567,24.0,28.0,28.0,31.0,31.0,31.0,0.0
"DL_983",568,21.0,25.0,25.0,31.0,31.0,31.0,0.0
"EV_4895",569,25.0,29.0,29.0,31.0,31.0,31.0,0.0
"DL_825",570,24.0,28.0,28.0,31.0,31.0,31.0,0.0
"DL_2842",571,22.0,26.0,26.0,31.0,31.0,31.0,0.0
"EV_5122",572,24.0,28.0,28.0,31.0,31.0,31.0,0.0
"EV_5248",573,24.0,28.0,28.0,31.0,31.0,31.0,0.0
"OO_5586",574,23.0,27.0,27.0,31.0,31.0,31.0,0.0
"DL_116",575,25.0,29.0,29.0,31.0,31.0,31.0,0.0
"DL_2222",576,18.0,22.0,22.0,31.0,31.0,31.0,0.0
"DL_2400",577,23.0,27.0,27.0,31.0,31.0,31.0,0.0
"DL_2446",578,23.0,27.0,27.0,31.0,31.0,31.0,0.0
"AA_1887",579,22.0,26.0,26.0,31.0,31.0,31.0,0.0
"DL_951",580,23.0,27.0,27.0,31.0,31.0,31.0,0.0
"DL_2506",581,25.0,29.0,29.0,31.0,31.0,31.0,0.0
"DL_1270",582,24.0,28.0,28.0,31.0,31.0,31.0,0.0
"DL_1310",583,24.0,28.0,28.0,31.0,31.0,31.0,0.0
"DL_1606",584,23.0,27.0,27.0,31.0,31.0,31.0,0.0
"EV_5474",585,25.0,29.0,29.0,31.0,31.0,31.0,0.0
"DL_1544",586,24.0,28.0,28.0,31.0,31.0,31.0,0.0
"DL_1546",587,20.0,24.0,24.0,31.0,31.0,31.0,0.0
"WN_885",588,20.0,24.0,24.0,31.0,31.0,31.0,0.0
"WN_311",589,23.0,27.0,27.0,31.0,31.0,31.0,0.0
"DL_151",590,23.0,27.0,27.0,31.0,31.0,31.0,0.0
"DL_2133",591,24.0,28.0,28.0,31.0,31.0,31.0,0.0
"DL_2141",592,23.0,27.0,27.0,31.0,31.0,31.0,0.0
"DL_1272",593,23.0,27.0,27.0,31.0,31.0,31.0,0.0
"EV_4954",594,25.0,29.0,29.0,31.0,31.0,31.0,0.0
"WN_667",595,23.0,27.0,27.0,31.0,31.0,31.0,0.0
"WN_466",596,22.0,26.0,26.0,31.0,31.0,31.0,0.0
"DL_1250",597,23.0,27.0,27.0,31.0,31.0,31.0,0.0
"DL_2325",598,23.0,27.0,27.0,31.0,31.0,31.0,0.0
"DL_2451",599,24.0,28.0,28.0,31.0,31.0,31.0,0.0
"AA_671",600,25.0,29.0,29.0,31.0,31.0,31.0,0.0
"DL_2573",601,23.0,27.0,27.0,31.0,31.0,31.0,0.0
"DL_2369",602,24.0,28.0,28.0,31.0,31.0,31.0,0.0
"DL_1675",603,23.0,27.0,27.0,31.0,31.0,31.0,0.0
"DL_325",604,24.0,28.0,28.0,32.0,32.0,32.0,0.0
"WN_2875",605,25.0,29.0,29.0,32.0,32.0,32.0,0.0
"WN_440",606,24.0,28.0,28.0,32.0,32.0,32.0,0.0
"DL_2373",607,24.0,28.0,28.0,32.0,32.0,32.0,0.0
"DL_2580",608,24.0,28.0,28.0,32.0,32.0,32.0,0.0
"DL_2023",609,25.0,29.0,29.0,32.0,32.0,32.0,0.0
"EV_4899",610,25.0,29.0,29.0,32.0,32.0,32.0,0.0
"DL_2528",611,24.0,28.0,28.0,32.0,32.0,32.0,0.0
"EV_5007",612,25.0,29.0,29.0,32.0,32.0,32.0,0.0
"EV_5367",613,26.0,30.0,30.0,32.0,32.0,32.0,0.0
"OO_5258",614,22.0,26.0,26.0,32.0,32.0,32.0,0.0
"AA_1249",615,19.0,23.0,23.0,32.0,32.0,32.0,0.0
"DL_1077",616,25.0,29.0,29.0,32.0,32.0,32.0,0.0
"EV_5146",617,23.0,27.0,27.0,32.0,32.0,32.0,0.0
"OO_4745",618,22.0,26.0,26.0,32.0,32.0,32.0,0.0
"WN_402",619,25.0,29.0,29.0,32.0,32.0,32.0,0.0
"DL_28",620,25.0,29.0,29.0,32.0,32.0,32.0,0.0
"DL_2084",621,25.0,29.0,29.0,32.0,32.0,32.0,0.0
"EV_5527",622,25.0,29.0,29.0,32.0,32.0,32.0,0.0
"AS_746",623,18.0,22.0,22.0,32.0,32.0,32.0,0.0
"EV_5295",624,25.0,29.0,29.0,32.0,32.0,32.0,0.0
"DL_881",625,24.0,28.0,28.0,32.0,32.0,32.0,0.0
"NK_146",626,22.0,26.0,26.0,32.0,32.0,32.0,0.0
"DL_1826",627,25.0,29.0,29.0,33.0,33.0,33.0,0.0
"DL_1761",628,24.0,28.0,28.0,33.0,33.0,33.0,0.0
"DL_1171",629,25.0,29.0,29.0,33.0,33.0,33.0,0.0
"DL_2521",630,23.0,27.0,27.0,33.0,33.0,33.0,0.0
"DL_1126",631,26.0,30.0,30.0,33.0,33.0,33.0,0.0
"DL_1416",632,26.0,30.0,30.0,33.0,33.0,33.0,0.0
"DL_1359",633,23.0,27.0,27.0,33.0,33.0,33.0,0.0
"OO_4629",634,25.0,29.0,29.0,33.0,33.0,33.0,0.0
"NK_600",635,25.0,29.0,29.0,33.0,33.0,33.0,0.0
"DL_1346",636,25.0,29.0,29.0,33.0,33.0,33.0,0.0
"DL_1509",637,23.0,27.0,27.0,33.0,33.0,33.0,0.0
"DL_1916",638,23.0,27.0,27.0,33.0,33.0,33.0,0.0
"DL_2229",639,25.0,29.0,29.0,33.0,33.0,33.0,0.0
"DL_1861",640,26.0,30.0,30.0,33.0,33.0,33.0,0.0
"EV_5411",641,27.0,31.0,31.0,33.0,33.0,33.0,0.0
"DL_963",642,26.0,30.0,30.0,33.0,33.0,33.0,0.0
"DL_1692",643,21.0,25.0,25.0,33.0,33.0,33.0,0.0
"DL_1784",644,23.0,27.0,27.0,33.0,33.0,33.0,0.0
"EV_4913",645,27.0,31.0,31.0,33.0,33.0,33.0,0.0
"DL_1058",646,25.0,29.0,29.0,33.0,33.0,33.0,0.0
"DL_1695",647,26.0,30.0,30.0,34.0,34.0,34.0,0.0
"UA_1142",648,21.0,25.0,25.0,34.0,34.0,34.0,0.0
"DL_1534",649,28.0,31.0,32.0,34.0,35.0,35.0,0.0
"DL_2599",650,27.0,31.0,31.0,34.0,34.0,34.0,0.0
"DL_307",651,22.0,26.0,26.0,34.0,34.0,34.0,0.0
"DL_1159",652,25.0,29.0,29.0,34.0,34.0,34.0,0.0
"DL_1363",653,26.0,30.0,30.0,34.0,34.0,34.0,0.0
"EV_4973",654,28.0,32.0,32.0,34.0,34.0,34.0,0.0
"EV_5224",655,28.0,31.0,32.0,34.0,35.0,35.0,0.0
"DL_768",656,26.0,30.0,30.0,34.0,34.0,34.0,0.0
"DL_1136",657,26.0,30.0,30.0,34.0,34.0,34.0,0.0
"DL_1297",658,27.0,31.0,31.0,34.0,34.0,34.0,0.0
"DL_1814",659,27.0,31.0,31.0,34.0,34.0,34.0,0.0
"WN_510",660,26.0,30.0,30.0,34.0,34.0,34.0,0.0
"WN_2931",661,26.0,30.0,30.0,34.0,34.0,34.0,0.0
"DL_1794",662,27.0,31.0,31.0,34.0,34.0,34.0,0.0
"DL_2172",663,27.0,31.0,31.0,34.0,34.0,34.0,0.0
"EV_4979",664,26.0,30.0,30.0,34.0,34.0,34.0,0.0
"DL_1116",665,26.0,30.0,30.0,34.0,34.0,34.0,0.0
"DL_2136",666,24.0,28.0,28.0,34.0,34.0,34.0,0.0
"DL_882",667,27.0,31.0,31.0,34.0,34.0,34.0,0.0
"EV_5065",668,27.0,31.0,31.0,34.0,34.0,34.0,0.0
"DL_1178",669,26.0,30.0,30.0,34.0,34.0,34.0,0.0
"DL_1107",670,27.0,31.0,31.0,34.0,34.0,34.0,0.0
"DL_2642",671,27.0,31.0,31.0,34.0,34.0,34.0,0.0
"EV_5289",672,28.0,32.0,32.0,34.0,34.0,34.0,0.0
"WN_2007",673,26.0,30.0,30.0,34.0,34.0,34.0,0.0
"WN_2796",674,26.0,30.0,30.0,34.0,34.0,34.0,0.0
"WN_2622",675,26.0,30.0,30.0,34.0,34.0,34.0,0.0
"WN_541",676,27.0,31.0,31.0,34.0,34.0,34.0,0.0
"DL_506",677,22.0,26.0,26.0,34.0,34.0,34.0,0.0
"DL_1626",678,29.0,32.0,33.0,34.0,35.0,35.0,0.0
"DL_1729",679,28.0,32.0,32.0,34.0,34.0,34.0,0.0
"DL_2478",680,27.0,31.0,31.0,34.0,34.0,34.0,0.0
"EV_4935",681,27.0,31.0,31.0,34.0,34.0,34.0,0.0
"DL_1108",682,25.0,29.0,29.0,34.0,34.0,34.0,0.0
"DL_1169",683,22.0,26.0,26.0,34.0,34.0,34.0,0.0
"DL_1612",684,26.0,30.0,30.0,34.0,34.0,34.0,0.0
"DL_2250",685,21.0,25.0,25.0,34.0,34.0,34.0,0.0
"DL_1425",686,26.0,30.0,30.0,34.0,34.0,34.0,0.0
"DL_2206",687,27.0,30.0,31.0,34.0,35.0,35.0,0.0
"EV_5482",688,27.0,31.0,31.0,34.0,34.0,34.0,0.0
"AA_232",689,26.0,30.0,30.0,34.0,34.0,34.0,0.0
"OO_6378",690,27.0,30.0,31.0,34.0,35.0,35.0,0.0
"WN_1572",691,27.0,31.0,31.0,34.0,34.0,34.0,0.0
"DL_200",692,26.0,30.0,30.0,34.0,34.0,34.0,0.0
"DL_2184",693,27.0,31.0,31.0,34.0,34.0,34.0,0.0
"DL_2465",694,24.0,28.0,28.0,34.0,34.0,34.0,0.0
"EV_5197",695,25.0,29.0,29.0,34.0,34.0,34.0,0.0
"EV_5565",696,27.0,31.0,31.0,34.0,34.0,34.0,0.0
"DL_2260",697,21.0,25.0,25.0,34.0,34.0,34.0,0.0
"EV_5496",698,26.0,30.0,30.0,34.0,34.0,34.0,0.0
"DL_1221",699,26.0,30.0,30.0,34.0,34.0,34.0,0.0
"DL_1281",700,27.0,31.0,31.0,34.0,34.0,34.0,0.0
"DL_1960",701,26.0,30.0,30.0,34.0,34.0,34.0,0.0
"OO_4691",702,26.0,30.0,30.0,34.0,34.0,34.0,0.0
"WN_1421",703,26.0,30.0,30.0,34.0,34.0,34.0,0.0
"WN_2182",704,27.0,31.0,31.0,34.0,34.0,34.0,0.0
"WN_1392",705,25.0,29.0,29.0,34.0,34.0,34.0,0.0
"WN_1387",706,25.0,29.0,29.0,34.0,34.0,34.0,0.0
"DL_1278",707,26.0,30.0,30.0,34.0,34.0,34.0,0.0
"DL_1951",708,26.0,30.0,30.0,34.0,34.0,34.0,0.0
"DL_929",709,26.0,30.0,30.0,34.0,34.0,34.0,0.0
"EV_5335",710,28.0,32.0,32.0,34.0,34.0,34.0,0.0
"DL_1726",711,26.0,30.0,30.0,34.0,34.0,34.0,0.0
"DL_74",712,28.0,32.0,32.0,35.0,35.0,35.0,0.0
"DL_1217",713,25.0,29.0,29.0,35.0,35.0,35.0,0.0
"DL_1666",714,28.0,32.0,32.0,35.0,35.0,35.0,0.0
"NK_251",715,27.0,31.0,31.0,35.0,35.0,35.0,0.0
"AA_612",716,24.0,28.0,28.0,35.0,35.0,35.0,0.0
"AA_2031",717,26.0,30.0,30.0,35.0,35.0,35.0,0.0
"AA_2041",718,29.0,33.0,33.0,35.0,35.0,35.0,0.0
"DL_1489",719,27.0,31.0,31.0,35.0,35.0,35.0,0.0
"DL_1881",720,27.0,31.0,31.0,35.0,35.0,35.0,0.0
"WN_1117",721,27.0,31.0,31.0,35.0,35.0,35.0,0.0
"DL_1910",722,27.0,31.0,31.0,35.0,35.0,35.0,0.0
"EV_4896",723,29.0,33.0,33.0,35.0,35.0,35.0,0.0
"OO_4806",724,27.0,31.0,31.0,35.0,35.0,35.0,0.0
"DL_689",725,25.0,29.0,29.0,35.0,35.0,35.0,0.0
"DL_2195",726,28.0,32.0,32.0,35.0,35.0,35.0,0.0
"DL_753",727,28.0,32.0,32.0,35.0,35.0,35.0,0.0
"DL_2236",728,26.0,30.0,30.0,35.0,35.0,35.0,0.0
"EV_5445",729,28.0,32.0,32.0,35.0,35.0,35.0,0.0
"NK_474",730,24.0,28.0,28.0,36.0,36.0,36.0,0.0
"EV_4914",731,28.0,32.0,32.0,36.0,36.0,36.0,0.0
"UA_754",732,26.0,30.0,30.0,36.0,36.0,36.0,0.0
"DL_2439",733,29.0,33.0,33.0,36.0,36.0,36.0,0.0
"EV_5460",734,29.0,33.0,33.0,36.0,36.0,36.0,0.0
"DL_2042",735,27.0,31.0,31.0,36.0,36.0,36.0,0.0
"DL_950",736,29.0,33.0,33.0,36.0,36.0,36.0,0.0
"DL_1732",737,28.0,32.0,32.0,36.0,36.0,36.0,0.0
"EV_5123",738,30.0,34.0,34.0,36.0,36.0,36.0,0.0
"DL_1747",739,29.0,33.0,33.0,36.0,36.0,36.0,0.0
"WN_854",740,28.0,32.0,32.0,36.0,36.0,36.0,0.0
"DL_425",741,26.0,30.0,30.0,36.0,36.0,36.0,0.0
"DL_2553",742,27.0,31.0,31.0,36.0,36.0,36.0,0.0
"UA_568",743,27.0,31.0,31.0,36.0,36.0,36.0,0.0
"DL_873",744,24.0,28.0,28.0,36.0,36.0,36.0,0.0
"WN_193",745,26.0,30.0,30.0,36.0,36.0,36.0,0.0
"WN_1823",746,30.0,34.0,34.0,36.0,36.0,36.0,0.0
"WN_416",747,28.0,32.0,32.0,36.0,36.0,36.0,0.0
"DL_879",748,30.0,34.0,34.0,36.0,36.0,36.0,0.0
"DL_1199",749,29.0,33.0,33.0,36.0,36.0,36.0,0.0
"DL_2396",750,28.0,32.0,32.0,36.0,36.0,36.0,0.0
"DL_2274",751,28.0,32.0,32.0,36.0,36.0,36.0,0.0
"WN_3264",752,29.0,33.0,33.0,37.0,37.0,37.0,0.0
"DL_101",753,24.0,28.0,28.0,37.0,37.0,37.0,0.0
"DL_2111",754,32.0,35.0,36.0,37.0,38.0,38.0,0.0
"DL_1277",755,30.0,34.0,34.0,37.0,37.0,37.0,0.0
"WN_2744",756,30.0,34.0,34.0,37.0,37.0,37.0,0.0
"DL_1475",757,30.0,34.0,34.0,37.0,37.0,37.0,0.0
"DL_2035",758,30.0,33.0,34.0,37.0,38.0,38.0,0.0
"DL_1824",759,29.0,33.0,33.0,37.0,37.0,37.0,0.0
"DL_1974",760,25.0,29.0,29.0,37.0,37.0,37.0,0.0
"DL_630",761,29.0,33.0,33.0,37.0,37.0,37.0,0.0
"DL_1216",762,27.0,31.0,31.0,37.0,37.0,37.0,0.0
"WN_566",763,29.0,33.0,33.0,37.0,37.0,37.0,0.0
"WN_214",764,27.0,31.0,31.0,37.0,37.0,37.0,0.0
"DL_1399",765,27.0,31.0,31.0,37.0,37.0,37.0,0.0
"DL_1595",766,25.0,29.0,29.0,37.0,37.0,37.0,0.0
"DL_1860",767,29.0,33.0,33.0,37.0,37.0,37.0,0.0
"DL_826",768,31.0,34.0,35.0,37.0,38.0,38.0,0.0
"DL_2121",769,24.0,28.0,28.0,37.0,37.0,37.0,0.0
"DL_2176",770,30.0,34.0,34.0,37.0,37.0,37.0,0.0
"DL_888",771,28.0,32.0,32.0,37.0,37.0,37.0,0.0
"DL_1117",772,26.0,30.0,30.0,37.0,37.0,37.0,0.0
"DL_1307",773,29.0,33.0,33.0,37.0,37.0,37.0,0.0
"DL_1462",774,29.0,33.0,33.0,37.0,37.0,37.0,0.0
"DL_1690",775,27.0,31.0,31.0,37.0,37.0,37.0,0.0
"DL_2471",776,30.0,33.0,34.0,37.0,38.0,38.0,0.0
"AA_1487",777,30.0,33.0,34.0,37.0,38.0,38.0,0.0
"DL_2239",778,30.0,34.0,34.0,37.0,37.0,37.0,0.0
"DL_2290",779,29.0,33.0,33.0,37.0,37.0,37.0,0.0
"WN_902",780,30.0,34.0,34.0,37.0,37.0,37.0,0.0
"WN_1350",781,25.0,29.0,29.0,37.0,37.0,37.0,0.0
"DL_1772",782,27.0,30.0,31.0,37.0,38.0,38.0,0.0
"DL_1964",783,31.0,34.0,35.0,37.0,38.0,38.0,0.0
"DL_2630",784,30.0,34.0,34.0,37.0,37.0,37.0,0.0
"DL_1615",785,29.0,33.0,33.0,37.0,37.0,37.0,0.0
"EV_5568",786,31.0,34.0,35.0,37.0,38.0,38.0,0.0
"DL_733",787,29.0,33.0,33.0,37.0,37.0,37.0,0.0
"DL_885",788,30.0,33.0,34.0,37.0,38.0,38.0,0.0
"DL_1238",789,29.0,33.0,33.0,37.0,37.0,37.0,0.0
"DL_1584",790,28.0,32.0,32.0,37.0,37.0,37.0,0.0
"DL_2109",791,25.0,29.0,29.0,37.0,37.0,37.0,0.0
"DL_2168",792,32.0,35.0,36.0,37.0,38.0,38.0,0.0
"EV_5239",793,31.0,34.0,35.0,37.0,38.0,38.0,0.0
"EV_5141",794,28.0,32.0,32.0,37.0,37.0,37.0,0.0
"EV_5348",795,30.0,34.0,34.0,37.0,37.0,37.0,0.0
"EV_5502",796,29.0,33.0,33.0,37.0,37.0,37.0,0.0
"NK_805",797,30.0,34.0,34.0,37.0,37.0,37.0,0.0
"WN_1405",798,27.0,31.0,31.0,37.0,37.0,37.0,0.0
"WN_134",799,29.0,33.0,33.0,37.0,37.0,37.0,0.0
"DL_1778",800,30.0,34.0,34.0,37.0,37.0,37.0,0.0
"DL_2036",801,29.0,33.0,33.0,37.0,37.0,37.0,0.0
"DL_2272",802,29.0,33.0,33.0,37.0,37.0,37.0,0.0
"DL_2567",803,29.0,33.0,33.0,37.0,37.0,37.0,0.0
"DL_867",804,30.0,34.0,34.0,37.0,37.0,37.0,0.0
"DL_932",805,27.0,30.0,31.0,37.0,38.0,38.0,0.0
"DL_939",806,29.0,33.0,33.0,37.0,37.0,37.0,0.0
"F9_422",807,27.0,31.0,31.0,37.0,37.0,37.0,0.0
"DL_2053",808,29.0,32.0,33.0,37.0,38.0,38.0,0.0
"DL_2256",809,29.0,33.0,33.0,37.0,37.0,37.0,0.0
"EV_5526",810,30.0,34.0,34.0,37.0,37.0,37.0,0.0
"DL_2208",811,29.0,33.0,33.0,37.0,37.0,37.0,0.0
"EV_5107",812,31.0,35.0,35.0,37.0,37.0,37.0,0.0
"DL_2064",813,30.0,34.0,34.0,37.0,37.0,37.0,0.0
"DL_1138",814,30.0,33.0,34.0,37.0,38.0,38.0,0.0
"DL_2006",815,30.0,34.0,34.0,37.0,37.0,37.0,0.0
"DL_2617",816,29.0,33.0,33.0,37.0,37.0,37.0,0.0
"EV_5192",817,29.0,33.0,33.0,37.0,37.0,37.0,0.0
"DL_1774",818,30.0,34.0,34.0,37.0,37.0,37.0,0.0
"EV_5342",819,30.0,34.0,34.0,37.0,37.0,37.0,0.0
"DL_1510",820,31.0,35.0,35.0,37.0,37.0,37.0,0.0
"DL_2337",821,29.0,33.0,33.0,37.0,37.0,37.0,0.0
"EV_5066",822,31.0,34.0,35.0,37.0,38.0,38.0,0.0
"EV_5155",823,30.0,34.0,34.0,37.0,37.0,37.0,0.0
"DL_760",824,24.0,28.0,28.0,37.0,37.0,37.0,0.0
"DL_1347",825,29.0,33.0,33.0,37.0,37.0,37.0,0.0
"DL_1532",826,30.0,33.0,34.0,37.0,38.0,38.0,0.0
"DL_2146",827,31.0,35.0,35.0,37.0,37.0,37.0,0.0
"DL_30",828,30.0,34.0,34.0,38.0,38.0,38.0,0.0
"WN_1243",829,30.0,34.0,34.0,38.0,38.0,38.0,0.0
"EV_5440",830,31.0,35.0,35.0,38.0,38.0,38.0,0.0
"DL_2628",831,28.0,32.0,32.0,38.0,38.0,38.0,0.0
"DL_1899",832,31.0,35.0,35.0,38.0,38.0,38.0,0.0
"DL_843",833,28.0,32.0,32.0,38.0,38.0,38.0,0.0
"DL_2281",834,30.0,34.0,34.0,38.0,38.0,38.0,0.0
"DL_84",835,31.0,35.0,35.0,38.0,38.0,38.0,0.0
"DL_773",836,25.0,29.0,29.0,38.0,38.0,38.0,0.0
"DL_2554",837,30.0,34.0,34.0,38.0,38.0,38.0,0.0
"WN_146",838,26.0,30.0,30.0,38.0,38.0,38.0,0.0
"WN_169",839,31.0,35.0,35.0,38.0,38.0,38.0,0.0
"EV_4953",840,32.0,36.0,36.0,39.0,39.0,39.0,0.0
"DL_1236",841,32.0,36.0,36.0,39.0,39.0,39.0,0.0
"DL_1428",842,32.0,36.0,36.0,39.0,39.0,39.0,0.0
"AA_1833",843,30.0,34.0,34.0,39.0,39.0,39.0,0.0
"DL_799",844,32.0,36.0,36.0,39.0,39.0,39.0,0.0
"DL_2268",845,29.0,33.0,33.0,39.0,39.0,39.0,0.0
"EV_5106",846,33.0,37.0,37.0,39.0,39.0,39.0,0.0
"EV_5083",847,32.0,36.0,36.0,39.0,39.0,39.0,0.0
"DL_1987",848,30.0,34.0,34.0,39.0,39.0,39.0,0.0
"EV_4894",849,33.0,37.0,37.0,39.0,39.0,39.0,0.0
"DL_1053",850,31.0,35.0,35.0,39.0,39.0,39.0,0.0
"DL_1959",851,29.0,33.0,33.0,39.0,39.0,39.0,0.0
"WN_1581",852,31.0,35.0,35.0,39.0,39.0,39.0,0.0
"DL_1654",853,27.0,31.0,31.0,39.0,39.0,39.0,0.0
"DL_1582",854,30.0,34.0,34.0,39.0,39.0,39.0,0.0
"DL_1661",855,30.0,34.0,34.0,39.0,39.0,39.0,0.0
"EV_4890",856,32.0,36.0,36.0,39.0,39.0,39.0,0.0
"EV_5098",857,33.0,37.0,37.0,39.0,39.0,39.0,0.0
"DL_1527",858,31.0,35.0,35.0,39.0,39.0,39.0,0.0
"DL_2267",859,27.0,31.0,31.0,39.0,39.0,39.0,0.0
"DL_147",860,28.0,32.0,32.0,39.0,39.0,39.0,0.0
"DL_1652",861,32.0,36.0,36.0,39.0,39.0,39.0,0.0
"EV_4882",862,31.0,35.0,35.0,39.0,39.0,39.0,0.0
"WN_754",863,32.0,36.0,36.0,39.0,39.0,39.0,0.0
"DL_8",864,30.0,34.0,34.0,39.0,39.0,39.0,0.0
"DL_2803",865,29.0,33.0,33.0,39.0,39.0,39.0,0.0
"DL_2427",866,31.0,35.0,35.0,39.0,39.0,39.0,0.0
"EV_5301",867,32.0,36.0,36.0,39.0,39.0,39.0,0.0
"DL_1621",868,31.0,35.0,35.0,39.0,39.0,39.0,0.0
"DL_2637",869,29.0,33.0,33.0,39.0,39.0,39.0,0.0
"DL_2830",870,32.0,36.0,36.0,39.0,39.0,39.0,0.0
"EV_4875",871,32.0,36.0,36.0,39.0,39.0,39.0,0.0
"WN_1329",872,27.0,31.0,31.0,39.0,39.0,39.0,0.0
"WN_422",873,31.0,35.0,35.0,39.0,39.0,39.0,0.0
"DL_877",874,33.0,37.0,37.0,39.0,39.0,39.0,0.0
"DL_838",875,31.0,35.0,35.0,39.0,39.0,39.0,0.0
"WN_1951",876,31.0,35.0,35.0,39.0,39.0,39.0,0.0
"WN_3073",877,32.0,36.0,36.0,39.0,39.0,39.0,0.0
"DL_1442",878,31.0,35.0,35.0,39.0,39.0,39.0,0.0
"DL_1743",879,31.0,35.0,35.0,39.0,39.0,39.0,0.0
"DL_1977",880,31.0,35.0,35.0,39.0,39.0,39.0,0.0
"DL_2299",881,32.0,36.0,36.0,40.0,40.0,40.0,0.0
"DL_1306",882,32.0,36.0,36.0,40.0,40.0,40.0,0.0
"DL_1525",883,32.0,36.0,36.0,40.0,40.0,40.0,0.0
"DL_1562",884,30.0,34.0,34.0,40.0,40.0,40.0,0.0
"DL_1724",885,30.0,34.0,34.0,40.0,40.0,40.0,0.0
"DL_1871",886,31.0,35.0,35.0,40.0,40.0,40.0,0.0
"EV_5058",887,33.0,37.0,37.0,40.0,40.0,40.0,0.0
"DL_1198",888,32.0,36.0,36.0,40.0,40.0,40.0,0.0
"EV_5149",889,32.0,36.0,36.0,40.0,40.0,40.0,0.0
"AA_2512",890,32.0,36.0,36.0,40.0,40.0,40.0,0.0
"DL_1605",891,32.0,36.0,36.0,40.0,40.0,40.0,0.0
"DL_1383",892,32.0,36.0,36.0,40.0,40.0,40.0,0.0
"DL_762",893,32.0,36.0,36.0,40.0,40.0,40.0,0.0
"AA_2408",894,32.0,36.0,36.0,40.0,40.0,40.0,0.0
"WN_719",895,32.0,36.0,36.0,40.0,40.0,40.0,0.0
"DL_663",896,33.0,37.0,37.0,40.0,40.0,40.0,0.0
"DL_1834",897,33.0,37.0,37.0,40.0,40.0,40.0,0.0
"DL_54",898,32.0,36.0,36.0,40.0,40.0,40.0,0.0
"DL_1176",899,31.0,35.0,35.0,40.0,40.0,40.0,0.0
"DL_1364",900,32.0,36.0,36.0,40.0,40.0,40.0,0.0
"DL_1663",901,32.0,36.0,36.0,40.0,40.0,40.0,0.0
"DL_2445",902,32.0,36.0,36.0,40.0,40.0,40.0,0.0
"DL_2483",903,32.0,36.0,36.0,40.0,40.0,40.0,0.0
"AA_2319",904,32.0,36.0,36.0,40.0,40.0,40.0,0.0
"DL_1214",905,32.0,36.0,36.0,40.0,40.0,40.0,0.0
"DL_949",906,30.0,34.0,34.0,40.0,40.0,40.0,0.0
"DL_2525",907,33.0,37.0,37.0,40.0,40.0,40.0,0.0
"AA_861",908,33.0,37.0,37.0,40.0,40.0,40.0,0.0
"DL_1810",909,33.0,37.0,37.0,41.0,41.0,41.0,0.0
"NK_821",910,33.0,37.0,37.0,41.0,41.0,41.0,0.0
"DL_2450",911,31.0,35.0,35.0,41.0,41.0,41.0,0.0
"DL_1157",912,33.0,37.0,37.0,41.0,41.0,41.0,0.0
"DL_1680",913,28.0,32.0,32.0,41.0,41.0,41.0,0.0
"DL_2025",914,33.0,37.0,37.0,41.0,41.0,41.0,0.0
"DL_930",915,32.0,36.0,36.0,41.0,41.0,41.0,0.0
"F9_1473",916,33.0,37.0,37.0,41.0,41.0,41.0,0.0
"DL_2309",917,32.0,36.0,36.0,41.0,41.0,41.0,0.0
"DL_1110",918,34.0,38.0,38.0,41.0,41.0,41.0,0.0
"DL_2202",919,29.0,33.0,33.0,41.0,41.0,41.0,0.0
"DL_1121",920,34.0,38.0,38.0,42.0,42.0,42.0,0.0
"DL_1777",921,34.0,38.0,38.0,42.0,42.0,42.0,0.0
"DL_2621",922,34.0,38.0,38.0,42.0,42.0,42.0,0.0
"DL_2046",923,31.0,35.0,35.0,42.0,42.0,42.0,0.0
"DL_2016",924,32.0,36.0,36.0,42.0,42.0,42.0,0.0
"DL_1554",925,30.0,34.0,34.0,42.0,42.0,42.0,0.0
"DL_2134",926,29.0,33.0,33.0,42.0,42.0,42.0,0.0
"DL_1352",927,33.0,37.0,37.0,43.0,43.0,43.0,0.0
"WN_622",928,33.0,37.0,37.0,43.0,43.0,43.0,0.0
"WN_2570",929,35.0,39.0,39.0,43.0,43.0,43.0,0.0
"WN_1526",930,32.0,36.0,36.0,43.0,43.0,43.0,0.0
"DL_1961",931,34.0,38.0,38.0,43.0,43.0,43.0,0.0
"WN_1652",932,35.0,39.0,39.0,43.0,43.0,43.0,0.0
"AA_2513",933,30.0,34.0,34.0,43.0,43.0,43.0,0.0
"NK_230",934,36.0,40.0,40.0,44.0,44.0,44.0,0.0
"UA_558",935,35.0,39.0,39.0,44.0,44.0,44.0,0.0
"NK_317",936,37.0,41.0,41.0,45.0,45.0,45.0,0.0
"DL_1731",937,35.0,39.0,39.0,45.0,45.0,45.0,0.0
"OO_5566",938,37.0,41.0,41.0,45.0,45.0,45.0,0.0
"AA_1178",939,37.0,41.0,41.0,45.0,45.0,45.0,0.0
"DL_1454",940,33.0,37.0,37.0,45.0,45.0,45.0,0.0
"AS_750",941,32.0,36.0,36.0,45.0,45.0,45.0,0.0
"WN_178",942,34.0,38.0,38.0,46.0,46.0,46.0,0.0
"WN_2542",943,38.0,42.0,42.0,46.0,46.0,46.0,0.0
"WN_1204",944,36.0,40.0,40.0,46.0,46.0,46.0,0.0
